DATE;date1;maj
01-09-21;entre le 26/08 et le 1/09;dimanche 5 septembre 2021
02-09-21;entre le 27/08 et le 2/09;lundi 6 septembre 2021
03-09-21;entre le 28/08 et le 3/09;mardi 7 septembre 2021
04-09-21;entre le 29/08 et le 4/09;mercredi 8 septembre 2021
05-09-21;entre le 30/08 et le 5/09;jeudi 9 septembre 2021
06-09-21;entre le 31/08 et le 6/09;vendredi 10 septembre 2021
07-09-21;entre le 1/09 et le 7/09;samedi 11 septembre 2021
08-09-21;entre le 2/09 et le 8/09;dimanche 12 septembre 2021
09-09-21;entre le 3/09 et le 9/09;lundi 13 septembre 2021
10-09-21;entre le 4/09 et le 10/09;mardi 14 septembre 2021
11-09-21;entre le 5/09 et le 11/09;mercredi 15 septembre 2021
12-09-21;entre le 6/09 et le 12/09;jeudi 16 septembre 2021
13-09-21;entre le 7/09 et le 13/09;vendredi 17 septembre 2021
14-09-21;entre le 8/09 et le 14/09;samedi 18 septembre 2021
15-09-21;entre le 9/09 et le 15/09;dimanche 19 septembre 2021
16-09-21;entre le 10/09 et le 16/09;lundi 20 septembre 2021
17-09-21;entre le 11/09 et le 17/09;mardi 21 septembre 2021
18-09-21;entre le 12/09 et le 18/09;mercredi 22 septembre 2021
19-09-21;entre le 13/09 et le 19/09;jeudi 23 septembre 2021
20-09-21;entre le 14/09 et le 20/09;vendredi 24 septembre 2021
21-09-21;entre le 15/09 et le 21/09;samedi 25 septembre 2021
22-09-21;entre le 16/09 et le 22/09;dimanche 26 septembre 2021
23-09-21;entre le 17/09 et le 23/09;lundi 27 septembre 2021
24-09-21;entre le 18/09 et le 24/09;mardi 28 septembre 2021
25-09-21;entre le 19/09 et le 25/09;mercredi 29 septembre 2021
26-09-21;entre le 20/09 et le 26/09;jeudi 30 septembre 2021
27-09-21;entre le 21/09 et le 27/09;vendredi 1 octobre 2021
28-09-21;entre le 22/09 et le 28/09;samedi 2 octobre 2021
29-09-21;entre le 23/09 et le 29/09;dimanche 3 octobre 2021
30-09-21;entre le 24/09 et le 30/09;lundi 4 octobre 2021
01-10-21;entre le 25/09 et le 1/10;mardi 5 octobre 2021
02-10-21;entre le 26/09 et le 2/10;mercredi 6 octobre 2021
03-10-21;entre le 27/09 et le 3/10;jeudi 7 octobre 2021
04-10-21;entre le 28/09 et le 4/10;vendredi 8 octobre 2021
05-10-21;entre le 29/09 et le 5/10;samedi 9 octobre 2021
06-10-21;entre le 30/09 et le 6/10;dimanche 10 octobre 2021
07-10-21;entre le 1/10 et le 7/10;lundi 11 octobre 2021
08-10-21;entre le 2/10 et le 8/10;mardi 12 octobre 2021
09-10-21;entre le 3/10 et le 9/10;mercredi 13 octobre 2021
10-10-21;entre le 4/10 et le 10/10;jeudi 14 octobre 2021
11-10-21;entre le 5/10 et le 11/10;vendredi 15 octobre 2021
12-10-21;entre le 6/10 et le 12/10;samedi 16 octobre 2021
13-10-21;entre le 7/10 et le 13/10;dimanche 17 octobre 2021
14-10-21;entre le 8/10 et le 14/10;lundi 18 octobre 2021
15-10-21;entre le 9/10 et le 15/10;mardi 19 octobre 2021
16-10-21;entre le 10/10 et le 16/10;mercredi 20 octobre 2021
17-10-21;entre le 11/10 et le 17/10;jeudi 21 octobre 2021
18-10-21;entre le 12/10 et le 18/10;vendredi 22 octobre 2021
19-10-21;entre le 13/10 et le 19/10;samedi 23 octobre 2021
20-10-21;entre le 14/10 et le 20/10;dimanche 24 octobre 2021
21-10-21;entre le 15/10 et le 21/10;lundi 25 octobre 2021
22-10-21;entre le 16/10 et le 22/10;mardi 26 octobre 2021
23-10-21;entre le 17/10 et le 23/10;mercredi 27 octobre 2021
24-10-21;entre le 18/10 et le 24/10;jeudi 28 octobre 2021
25-10-21;entre le 19/10 et le 25/10;vendredi 29 octobre 2021
26-10-21;entre le 20/10 et le 26/10;samedi 30 octobre 2021
27-10-21;entre le 21/10 et le 27/10;dimanche 31 octobre 2021
28-10-21;entre le 22/10 et le 28/10;lundi 1 novembre 2021
29-10-21;entre le 23/10 et le 29/10;mardi 2 novembre 2021
30-10-21;entre le 24/10 et le 30/10;mercredi 3 novembre 2021
31-10-21;entre le 25/10 et le 31/10;jeudi 4 novembre 2021
