DATE,date1
2022-03-12,entre le 06/03 et le 12/03
2022-03-13,entre le 07/03 et le 13/03
2022-03-14,entre le 08/03 et le 14/03
2022-03-15,entre le 09/03 et le 15/03
2022-03-16,entre le 10/03 et le 16/03
2022-03-17,entre le 11/03 et le 17/03
2022-03-18,entre le 12/03 et le 18/03
2022-03-19,entre le 13/03 et le 19/03
2022-03-20,entre le 14/03 et le 20/03
2022-03-21,entre le 15/03 et le 21/03
2022-03-22,entre le 16/03 et le 22/03
2022-03-23,entre le 17/03 et le 23/03
2022-03-24,entre le 18/03 et le 24/03
2022-03-25,entre le 19/03 et le 25/03
2022-03-26,entre le 20/03 et le 26/03
2022-03-27,entre le 21/03 et le 27/03
2022-03-28,entre le 22/03 et le 28/03
2022-03-29,entre le 23/03 et le 29/03
2022-03-30,entre le 24/03 et le 30/03
2022-04-01,entre le 25/03 et le 01/04
2022-04-02,entre le 26/03 et le 02/04
2022-04-03,entre le 27/03 et le 03/04
2022-04-04,entre le 28/03 et le 04/04
2022-04-05,entre le 29/03 et le 05/04
2022-04-06,entre le 30/03 et le 06/04
2022-04-07,entre le 01/04 et le 07/04
2022-04-08,entre le 02/04 et le 08/04
2022-04-09,entre le 03/04 et le 09/04
2022-04-10,entre le 04/04 et le 10/04
2022-04-11,entre le 05/04 et le 11/04
2022-04-12,entre le 06/04 et le 12/04
2022-04-13,entre le 07/04 et le 13/04
2022-04-14,entre le 08/04 et le 14/04
2022-04-15,entre le 09/04 et le 15/04
2022-04-16,entre le 10/04 et le 16/04
2022-04-17,entre le 11/04 et le 17/04
2022-04-18,entre le 12/04 et le 18/04
2022-04-19,entre le 13/04 et le 19/04
2022-04-20,entre le 14/04 et le 20/04
2022-04-21,entre le 15/04 et le 21/04
2022-04-22,entre le 16/04 et le 22/04
2022-04-23,entre le 17/04 et le 23/04
2022-04-24,entre le 18/04 et le 24/04
2022-04-25,entre le 19/04 et le 25/04
2022-04-26,entre le 20/04 et le 26/04
2022-04-27,entre le 21/04 et le 27/04
2022-04-28,entre le 22/04 et le 28/04
2022-04-29,entre le 23/04 et le 29/04
2022-04-30,entre le 24/04 et le 30/04
2022-04-31,entre le 25/04 et le 31/04
